[
	{
		"blockType" : "NACH0.Types.CopperWorker",
		"cooldown" : 10,
		"jobType" : "craftingblock",
		"maxCraftsPerHaul" : 10,
		"npcType" : "NACH0.Jobs.CopperWorker"
	},
	{
		"blockType" : "NACH0.Types.BrickMaker",
		"cooldown" : 9,
		"jobType" : "craftingblockrotatedlit",
		"maxCraftsPerHaul" : 3,
		"npcType" : "NACH0.Jobs.BrickMaker"
	},
	{
		"blockType" : "NACH0.Types.Fletcher",
		"cooldown" : 15,
		"jobType" : "craftingblock",
		"maxCraftsPerHaul" : 12,
		"npcType" : "NACH0.Jobs.Fletcher"
	},
	{
		"blockType" : "NACH0.Types.ToolCrafter",
		"cooldown" : 10,
		"jobType" : "craftingblock",
		"maxCraftsPerHaul" : 9,
		"npcType" : "NACH0.Jobs.ToolCrafter"
	},
	{
		"blockType" : "NACH0.Types.OrganicTrader",
		"cooldown" : 12,
		"jobType" : "craftingblock",
		"maxCraftsPerHaul" : 5,
		"npcType" : "NACH0.Jobs.OrganicTrader"
	},
	{
		"blockType" : "NACH0.Types.Freezer",
		"cooldown" : 15,
		"jobType" : "craftingblockrotated",
		"maxCraftsPerHaul" : 2,
		"npcType" : "NACH0.Jobs.Freezer"
	},
	{
		"blockType" : "NACH0.Types.PaintMixer",
		"cooldown" : 7,
		"jobType" : "craftingblockrotated",
		"maxCraftsPerHaul" : 10,
		"npcType" : "NACH0.Jobs.PaintMixer"
	},
	{
		"blockType" : "NACH0.Types.PaintersTable",
		"cooldown" : 7,
		"jobType" : "craftingblock",
		"maxCraftsPerHaul" : 10,
		"npcType" : "NACH0.Jobs.Painter"
	},
	{
		"blockType" : "NACH0.Types.IronAnvil",
		"cooldown" : 3.75,
		"jobType" : "craftingblockrotated",
		"maxCraftsPerHaul" : 4,
		"npcType" : "NACH0.Jobs.IronAnvilWorker",
		"onCraftedAudio" : "anvil"
	},
	{
		"blockType" : "NACH0.Types.SteelAnvil",
		"cooldown" : 2.5,
		"jobType" : "craftingblockrotated",
		"maxCraftsPerHaul" : 5,
		"npcType" : "NACH0.Jobs.SteelAnvilWorker",
		"onCraftedAudio" : "anvil"
	},
	{
		"blockType" : "NACH0.Types.AlchemistBench",
		"cooldown" : 16.5,
		"jobType" : "craftingblock",
		"maxCraftsPerHaul" : 5,
		"npcType" : "NACH0.Jobs.Alchemist"
	},
	{
		"blockType" : "NACH0.Types.Slingshot.Guard.Night",
		"cooldownShot" : 2.5,
		"damage" : 50,
		"jobType" : "guard",
		"npcType" : "NACH0.Jobs.Guard.Slingshot.Night",
		"onHitAudio" : "fleshHit",
		"onShootAudio" : "sling",
		"range" : 14,
		"recruitmentItem" : {
			"type" : "NACH0.Types.Slingshot"
		},
		"shootRequirements" : [
			{"type":"slingbullet"}
		],
		"sleepType" : "Day"
	},
	{
		"blockType" : "NACH0.Types.Slingshot.Guard.Day",
		"cooldownShot" : 2.5,
		"damage" : 50,
		"jobType" : "guard",
		"npcType" : "NACH0.Jobs.Guard.Slingshot.Day",
		"onHitAudio" : "fleshHit",
		"onShootAudio" : "sling",
		"range" : 14,
		"recruitmentItem" : {
			"type" : "NACH0.Types.Slingshot"
		},
		"shootRequirements" : [
			{"type":"slingbullet"}
		],
		"sleepType" : "Night"
	},
	{
		"blockType" : "NACH0.Types.Ballista.Guard.Night",
		"cooldownShot" : 20,
		"damage" : 1000,
		"jobType" : "guard",
		"npcType" : "NACH0.Jobs.Guard.Ballista.Night",
		"onHitAudio" : "fleshHit",
		"onShootAudio" : "bowShoot",
		"range" : 150,
		"recruitmentItem" : {
			"type" : "NACH0.Types.Ballista"
		},
		"shootRequirements" : [
			{"type":"NACH0.Types.BallistaBolt"}
		],
		"sleepType" : "Day"
	},
	{
		"blockType" : "NACH0.Types.Ballista.Guard.Day",
		"cooldownShot" : 20,
		"damage" : 1000,
		"jobType" : "guard",
		"npcType" : "NACH0.Jobs.Guard.Ballista.Day",
		"onHitAudio" : "fleshHit",
		"onShootAudio" : "bowShoot",
		"range" : 150,
		"recruitmentItem" : {
			"type" : "NACH0.Types.Ballista"
		},
		"shootRequirements" : [
			{"type":"NACH0.Types.BallistaBolt"}
		],
		"sleepType" : "Night"
	},
	{
		"blockType" : "NACH0.Types.CompoundBow.Guard.Night",
		"cooldownShot" : 4,
		"damage" : 100,
		"jobType" : "guard",
		"npcType" : "NACH0.Jobs.Guard.CompoundBow.Night",
		"onHitAudio" : "fleshHit",
		"onShootAudio" : "bowShoot",
		"range" : 25,
		"recruitmentItem" : {
			"type" : "NACH0.Types.CompoundBow"
		},
		"shootRequirements" : [
			{"type":"bronzearrow"}
		],
		"sleepType" : "Day"
	},
	{
		"blockType" : "NACH0.Types.CompoundBow.Guard.Day",
		"cooldownShot" : 4,
		"damage" : 100,
		"jobType" : "guard",
		"npcType" : "NACH0.Jobs.Guard.CompoundBow.Day",
		"onHitAudio" : "fleshHit",
		"onShootAudio" : "bowShoot",
		"range" : 25,
		"recruitmentItem" : {
			"type" : "NACH0.Types.CompoundBow"
		},
		"shootRequirements" : [
			{"type":"bronzearrow"}
		],
		"sleepType" : "Night"
	},
	{
		"blockType" : "NACH0.Types.Sniper.Guard.Day",
		"cooldownShot" : 12,
		"damage" : 500,
		"jobType" : "guard",
		"npcType" : "NACH0.Jobs.Guard.Sniper.Day",
		"onHitAudio" : "fleshHit",
		"onShootAudio" : "matchlock",
		"onShootResult" : {
			"chance" : 0.9,
			"type" : "linenpouch"
		},
		"range" : 45,
		"recruitmentItem" : {
			"type" : "NACH0.Types.Sniper"
		},
		"shootRequirements" : [
			{"type":"leadbullet"},
			{"type":"gunpowderpouch"}
		],
		"sleepType" : "Night"
	},
	{
		"blockType" : "NACH0.Types.Sniper.Guard.Night",
		"cooldownShot" : 12,
		"damage" : 500,
		"jobType" : "guard",
		"npcType" : "NACH0.Jobs.Guard.Sniper.Night",
		"onHitAudio" : "fleshHit",
		"onShootAudio" : "matchlock",
		"onShootResult" : {
			"chance" : 0.9,
			"type" : "linenpouch"
		},
		"range" : 45,
		"recruitmentItem" : {
			"type" : "NACH0.Types.Sniper"
		},
		"shootRequirements" : [
			{"type":"leadbullet"},
			{"type":"gunpowderpouch"}
		],
		"sleepType" : "Day"
	},
	{
		"blockType" : "NACH0.Types.Sword.Guard.Day",
		"cooldownShot" : 1.5,
		"damage" : 1000,
		"jobType" : "guard",
		"npcType" : "NACH0.Jobs.Guard.Sword.Day",
		"onHitAudio" : "fleshHit",
		"range" : 1.1,
		"recruitmentItem" : {
			"type" : "NACH0.Types.IronArmour"
		},
		"shootRequirements" : [
			{"type":"ironsword"}
		],
		"onShootResult" : {
			"chance" : 0.75,
			"type" : "ironsword"
		},
		"sleepType" : "Night"
	},
	{
		"blockType" : "NACH0.Types.Sword.Guard.Night",
		"cooldownShot" : 1.5,
		"damage" : 1000,
		"jobType" : "guard",
		"npcType" : "NACH0.Jobs.Guard.Sword.Night",
		"onHitAudio" : "fleshHit",
		"range" : 1.1,
		"recruitmentItem" : {
			"type" : "NACH0.Types.IronArmour"
		},
		"shootRequirements" : [
			{"type":"ironsword"}
		],
		"onShootResult" : {
			"chance" : 0.75,
			"type" : "ironsword"
		},
		"sleepType" : "Day"
	},
	{
		"blockType" : "NACH0.Types.BasicStoneMason",
		"cooldown" : 7,
		"jobType" : "craftingblock",
		"maxCraftsPerHaul" : 3,
		"npcType" : "NACH0.Jobs.BasicStoneMason"
	}
]