[
	{
		"data" : {
			"maskColor1" : "#000000"
		},
		"keyName" : "NACH0.Jobs.CopperWorker",
		"npcType" : "worker",
		"printName" : "Copper Worker"
	},
	{
		"data" : {
			"maskColor1" : "#000000"
		},
		"keyName" : "NACH0.Jobs.BrickMaker",
		"npcType" : "worker",
		"printName" : "Brick Maker"
	},
	{
		"data" : {
			"maskColor1" : "#000000"
		},
		"keyName" : "NACH0.Jobs.Fletcher",
		"npcType" : "worker",
		"printName" : "Fletcher"
	},
	{
		"data" : {
			"maskColor1" : "#000000"
		},
		"keyName" : "NACH0.Jobs.ToolCrafter",
		"npcType" : "worker",
		"printName" : "Tool Crafter"
	},
	{
		"data" : {
			"maskColor1" : "#000000"
		},
		"keyName" : "NACH0.Jobs.OrganicTrader",
		"npcType" : "worker",
		"printName" : "Organic Trader"
	},
	{
		"data" : {
			"maskColor1" : "#000000"
		},
		"keyName" : "NACH0.Jobs.Freezer",
		"npcType" : "worker",
		"printName" : "Freezer"
	},
	{
		"data" : {
			"maskColor1" : "#000000"
		},
		"keyName" : "NACH0.Jobs.PaintMixer",
		"npcType" : "worker",
		"printName" : "Paint Mixer"
	},
	{
		"data" : {
			"maskColor1" : "#000000"
		},
		"keyName" : "NACH0.Jobs.Painter",
		"npcType" : "worker",
		"printName" : "Painter"
	},
	{
		"data" : {
			"maskColor1" : "#000000"
		},
		"keyName" : "NACH0.Jobs.BasicStoneMason",
		"npcType" : "worker",
		"printName" : "Basic Stone Mason"
	},
	{
		"data" : {
			"maskColor1" : "#aa4d0d"
		},
		"keyName" : "NACH0.Jobs.IronAnvilWorker",
		"npcType" : "worker",
		"printName" : "Metal smith"
	},
	{
		"data" : {
			"maskColor1" : "#aa4d0d"
		},
		"keyName" : "NACH0.Jobs.SteelAnvilWorker",
		"npcType" : "worker",
		"printName" : "Metal smith"
	},
	{
		"data" : {
			"maskColor1" : "#3f3939"
		},
		"keyName" : "NACH0.Jobs.IronPickaxeMinerJob",
		"npcType" : "worker",
		"printName" : "Miner"
	},
	{
		"data" : {
			"maskColor1" : "#000000"
		},
		"keyName" : "NACH0.Jobs.Alchemist",
		"npcType" : "worker",
		"printName" : "Alchemist"
	},
	{
		"data" : {
			"maskColor1" : "#FFFFFF"
		},
		"keyName" : "NACH0.Jobs.Guard.Slingshot.Day",
		"npcType" : "worker",
		"printName" : "Day Slingshot Guard"
	},
	{
		"data" : {
			"maskColor1" : "#FFFFFF"
		},
		"keyName" : "NACH0.Jobs.Guard.Slingshot.Night",
		"npcType" : "worker",
		"printName" : "Night Slingshot Guard"
	},
	{
		"data" : {
			"maskColor1" : "#FFFFFF"
		},
		"keyName" : "NACH0.Jobs.Guard.Ballista.Day",
		"npcType" : "worker",
		"printName" : "Day Ballista Guard"
	},
	{
		"data" : {
			"maskColor1" : "#FFFFFF"
		},
		"keyName" : "NACH0.Jobs.Guard.Ballista.Night",
		"npcType" : "worker",
		"printName" : "Night Ballista Guard"
	},
	{
		"data" : {
			"maskColor1" : "#FFFFFF"
		},
		"keyName" : "NACH0.Jobs.Guard.CompoundBow.Day",
		"npcType" : "worker",
		"printName" : "Day Compound Bow Guard"
	},
	{
		"data" : {
			"maskColor1" : "#FFFFFF"
		},
		"keyName" : "NACH0.Jobs.Guard.CompoundBow.Night",
		"npcType" : "worker",
		"printName" : "Night Compound Bow Guard"
	},
	{
		"data" : {
			"maskColor1" : "#FFFFFF"
		},
		"keyName" : "NACH0.Jobs.Guard.Sniper.Day",
		"npcType" : "worker",
		"printName" : "Day Sniper Guard"
	},
	{
		"data" : {
			"maskColor1" : "#FFFFFF"
		},
		"keyName" : "NACH0.Jobs.Guard.Sniper.Night",
		"npcType" : "worker",
		"printName" : "Night Sniper Guard"
	},
	{
		"data" : {
			"maskColor1" : "#FFFFFF"
		},
		"keyName" : "NACH0.Jobs.Guard.Sword.Day",
		"npcType" : "worker",
		"printName" : "Day Sword Guard"
	},
	{
		"data" : {
			"maskColor1" : "#FFFFFF"
		},
		"keyName" : "NACH0.Jobs.Guard.Sword.Night",
		"npcType" : "worker",
		"printName" : "Night Sword Guard"
	}
]