[
	{
		"defaultLimit" : 0,
		"name" : "NACH0.IronAnvilWorker.GoldBlock1",
		"requires" : [
			{
				"amount":6,
				"type":"goldingot"
			}
		],
		"results" : [
			{
				"amount":1,
				"type":"NACH0.Types.GoldBlock1"
			}
		]
	},
	{
		"defaultLimit" : 0,
		"name" : "NACH0.IronAnvilWorker.SteelBlock1",
		"requires" : [
			{
				"amount":6,
				"type":"steelingot"
			}
		],
		"results" : [
			{
				"amount":1,
				"type":"NACH0.Types.SteelBlock1"
			}
		]
	},
	{
		"defaultLimit" : 0,
		"name" : "NACH0.IronAnvilWorker.CrystalBlock1",
		"requires" : [
			{
				"amount":6,
				"type":"crystal"
			}
		],
		"results" : [
			{
				"amount":1,
				"type":"NACH0.Types.CrystalBlock1"
			}
		]
	},
	{
		"defaultLimit" : 0,
		"name" : "NACH0.IronAnvilWorker.IronBlock1",
		"requires" : [
			{
				"amount":6,
				"type":"ironingot"
			}
		],
		"results" : [
			{
				"amount":1,
				"type":"NACH0.Types.IronBlock1"
			}
		]
	},
	{
		"defaultLimit" : 0,
		"name" : "NACH0.IronAnvilWorker.Freezer",
		"requires" : [
			{
				"type":"ironblock"
			},
			{
				"type":"ironingot"
			},
			{
				"amount":10,
				"type":"bronzeplate"
			}
		],
		"results" : [
			{
				"amount":1,
				"type":"NACH0.Types.Freezer"
			}
		]
	},
	{
		"defaultLimit" : 0,
		"name" : "NACH0.IronAnvilWorker.PaintMixer",
		"requires" : [
			{
				"type":"ironblock"
			},
			{
				"type":"ironingot"
			},
			{
				"amount":10,
				"type":"bronzeplate"
			}
		],
		"results" : [
			{
				"amount":1,
				"type":"NACH0.Types.PaintMixer"
			}
		]
	},
	{
		"defaultLimit" : 500,
		"defaultPriority" : 100,
		"name" : "NACH0.IronAnvilWorker.BallistaBolt",
		"requires" : [
			{
				"type":"crossbowbolt",
				"amount": 3
			},
			{
				"type":"steelingot",
				"amount": 5
			},
			{
				"amount":10,
				"type":"planks"
			}
		],
		"results" : [
			{
				"amount":1,
				"type":"NACH0.Types.BallistaBolt"
			}
		]
	},
	{
		"defaultLimit": 10,
		"defaultPriority": 100,
		"name": "NACH0.IronAnvilWorker.Ballista",
		"requires": [{
				"amount": 1,
				"type": "crossbow"
			},
			{
				"amount": 2,
				"type": "NACH0.Types.SteelBlock1"
			},
			{
				"type": "coatedplanks",
				"amount": 5
			}
		],
		"results": [{
			"type": "NACH0.Types.Ballista"
		}]
	},
	{
		"defaultLimit": 3,
		"defaultPriority": 100,
		"name": "NACH0.IronAnvilWorker.CompoundBow",
		"requires": [{
				"amount": 2,
				"type": "ironingot"
			},
			{
				"type": "bowstring"
			}
		],
		"results": [{
			"type": "NACH0.Types.CompoundBow"
		}]
	},
	{
		"defaultLimit": 15,
		"defaultPriority": 100,
		"name": "NACH0.IronAnvilWorker.IronArmour",
		"requires": [{
				"amount": 7,
				"type": "ironingot"
			},
			{
				"type": "undershirt"
			}
		],
		"results": [{
			"type": "NACH0.Types.IronArmour"
		}]
	}
]