{
	"NACH0.Types.BlackPlanks": {
		"categories": [
			"decorative",
			"planks",
			"coloured",
			"black"
		],
		"icon": "./../textures/icons/BlackPlanks.png",
		"maxStackSize": 200,
		"onPlaceAudio": "woodPlace",
		"onRemoveAudio": "woodDeleteLight",
		"sideall": "planksgeneric",
		"color": "#232323",
		"destructionTime" : 350
	},
	"NACH0.Types.BrownPlanks": {
		"categories": [
			"decorative",
			"planks",
			"coloured",
			"brown"
		],
		"icon": "./../textures/icons/BrownPlanks.png",
		"maxStackSize": 200,
		"onPlaceAudio": "woodPlace",
		"onRemoveAudio": "woodDeleteLight",
		"sideall": "planksgeneric",
		"color": "#782300",
		"destructionTime" : 350
	},
	"NACH0.Types.DarkBluePlanks": {
		"categories": [
			"decorative",
			"planks",
			"coloured",
			"blue",
			"darkblue"
		],
		"icon": "./../textures/icons/DarkBluePlanks.png",
		"maxStackSize": 200,
		"onPlaceAudio": "woodPlace",
		"onRemoveAudio": "woodDeleteLight",
		"sideall": "planksgeneric",
		"color": "#2b344f",
		"destructionTime" : 350
	},
	"NACH0.Types.DarkGreenPlanks": {
		"categories": [
			"decorative",
			"planks",
			"coloured",
			"green",
			"darkgreen"
		],
		"icon": "./../textures/icons/DarkGreenPlanks.png",
		"maxStackSize": 200,
		"onPlaceAudio": "woodPlace",
		"onRemoveAudio": "woodDeleteLight",
		"sideall": "planksgeneric",
		"color": "#007F0E",
		"destructionTime" : 350
	},
	"NACH0.Types.GoldPlanks": {
		"categories": [
			"decorative",
			"planks",
			"coloured",
			"gold"
		],
		"icon": "./../textures/icons/GoldPlanks.png",
		"maxStackSize": 200,
		"onPlaceAudio": "woodPlace",
		"onRemoveAudio": "woodDeleteLight",
		"sideall": "planksgeneric",
		"color": "#8d5f38",
		"destructionTime" : 350
	},
	"NACH0.Types.GreyPlanks": {
		"categories": [
			"decorative",
			"planks",
			"coloured",
			"grey"
		],
		"icon": "./../textures/icons/GreyPlanks.png",
		"maxStackSize": 200,
		"onPlaceAudio": "woodPlace",
		"onRemoveAudio": "woodDeleteLight",
		"sideall": "planksgeneric",
		"color": "#404040",
		"destructionTime" : 350
	},
	"NACH0.Types.LightBluePlanks": {
		"categories": [
			"decorative",
			"planks",
			"coloured",
			"blue",
			"lightblue"
		],
		"icon": "./../textures/icons/LightBluePlanks.png",
		"maxStackSize": 200,
		"onPlaceAudio": "woodPlace",
		"onRemoveAudio": "woodDeleteLight",
		"sideall": "planksgeneric",
		"color": "#0094FF",
		"destructionTime" : 350
	},
	"NACH0.Types.MagentaPlanks": {
		"categories": [
			"decorative",
			"planks",
			"coloured",
			"magenta"
		],
		"icon": "./../textures/icons/MagentaPlanks.png",
		"maxStackSize": 200,
		"onPlaceAudio": "woodPlace",
		"onRemoveAudio": "woodDeleteLight",
		"sideall": "planksgeneric",
		"color": "#FF006E",
		"destructionTime" : 350
	},
	"NACH0.Types.OrangePlanks": {
		"categories": [
			"decorative",
			"planks",
			"coloured",
			"orange"
		],
		"icon": "./../textures/icons/OrangePlanks.png",
		"maxStackSize": 200,
		"onPlaceAudio": "woodPlace",
		"onRemoveAudio": "woodDeleteLight",
		"sideall": "planksgeneric",
		"color": "#FF6A00",
		"destructionTime" : 350
	},
	"NACH0.Types.PinkPlanks": {
		"categories": [
			"decorative",
			"planks",
			"coloured",
			"pink"
		],
		"icon": "./../textures/icons/PinkPlanks.png",
		"maxStackSize": 200,
		"onPlaceAudio": "woodPlace",
		"onRemoveAudio": "woodDeleteLight",
		"sideall": "planksgeneric",
		"color": "#FF00DC",
		"destructionTime" : 350
	},
	"NACH0.Types.PurplePlanks": {
		"categories": [
			"decorative",
			"planks",
			"coloured",
			"purple"
		],
		"icon": "./../textures/icons/PurplePlanks.png",
		"maxStackSize": 200,
		"onPlaceAudio": "woodPlace",
		"onRemoveAudio": "woodDeleteLight",
		"sideall": "planksgeneric",
		"color": "#4800FF",
		"destructionTime" : 350
	},
	"NACH0.Types.WhitePlanks": {
		"categories": [
			"decorative",
			"planks",
			"coloured",
			"white"
		],
		"icon": "./../textures/icons/WhitePlanks.png",
		"maxStackSize": 200,
		"onPlaceAudio": "woodPlace",
		"onRemoveAudio": "woodDeleteLight",
		"sideall": "planksgeneric",
		"destructionTime" : 350
	},
	"NACH0.Types.LightBrownPlanks": {
		"categories": [
			"decorative",
			"planks",
			"coloured",
			"brown",
			"lightbrown"
		],
		"icon": "./../textures/icons/LightBrownPlanks.png",
		"maxStackSize": 200,
		"onPlaceAudio": "woodPlace",
		"onRemoveAudio": "woodDeleteLight",
		"sideall": "planksgeneric",
		"color": "#807767",
		"destructionTime" : 350
	},
	"NACH0.Types.DarkRedPlanks": {
		"categories": [
			"decorative",
			"planks",
			"coloured",
			"red",
			"darkred"
		],
		"icon": "./../textures/icons/DarkRedPlanks.png",
		"maxStackSize": 200,
		"onPlaceAudio": "woodPlace",
		"onRemoveAudio": "woodDeleteLight",
		"sideall": "planksgeneric",
		"color": "#761f1f",
		"destructionTime" : 350
	}
}