{
	"NACH0.Types.AquaStoneBricks": {
		"categories": [
			"decorative",
			"bricks",
			"stone",
			"coloured",
			"aqua",
			"standard"
		],
		"icon": "./../textures/icons/AquaStoneBricks.png",
		"maxStackSize": 200,
		"onPlaceAudio": "stonePlace",
		"onRemoveAudio": "stoneDelete",
		"sideall": "stonebricksgeneric",
		"color": "#00FFFF",
		"destructionTime" : 350
	},
	"NACH0.Types.BlueStoneBricks": {
		"categories": [
			"decorative",
			"bricks",
			"stone",
			"coloured",
			"blue"
		],
		"icon": "./../textures/icons/BlueStoneBricks.png",
		"maxStackSize": 200,
		"onPlaceAudio": "stonePlace",
		"onRemoveAudio": "stoneDelete",
		"sideall": "stonebricksgeneric",
		"color": "#0026FF",
		"destructionTime" : 350
	},
	"NACH0.Types.BrownStoneBricks": {
		"categories": [
			"decorative",
			"bricks",
			"stone",
			"coloured",
			"brown"
		],
		"icon": "./../textures/icons/BrownStoneBricks.png",
		"maxStackSize": 200,
		"onPlaceAudio": "stonePlace",
		"onRemoveAudio": "stoneDelete",
		"sideall": "stonebricksgeneric",
		"color": "#782300",
		"destructionTime" : 350
	},
	"NACH0.Types.DarkBlueStoneBricks": {
		"categories": [
			"decorative",
			"bricks",
			"stone",
			"coloured",
			"blue",
			"darkblue"
		],
		"icon": "./../textures/icons/DarkBlueStoneBricks.png",
		"maxStackSize": 200,
		"onPlaceAudio": "stonePlace",
		"onRemoveAudio": "stoneDelete",
		"sideall": "stonebricksgeneric",
		"color": "#2b344f",
		"destructionTime" : 350
	},
	"NACH0.Types.DarkGreenStoneBricks": {
		"categories": [
			"decorative",
			"bricks",
			"stone",
			"coloured",
			"green",
			"darkgreen"
		],
		"icon": "./../textures/icons/DarkGreenStoneBricks.png",
		"maxStackSize": 200,
		"onPlaceAudio": "stonePlace",
		"onRemoveAudio": "stoneDelete",
		"sideall": "stonebricksgeneric",
		"color": "#007F0E",
		"destructionTime" : 350
	},
	"NACH0.Types.GreenStoneBricks": {
		"categories": [
			"decorative",
			"bricks",
			"stone",
			"coloured",
			"green"
		],
		"icon": "./../textures/icons/GreenStoneBricks.png",
		"maxStackSize": 200,
		"onPlaceAudio": "stonePlace",
		"onRemoveAudio": "stoneDelete",
		"sideall": "stonebricksgeneric",
		"color": "#4CFF00",
		"destructionTime" : 350
	},
	"NACH0.Types.GreyStoneBricks": {
		"categories": [
			"decorative",
			"bricks",
			"stone",
			"coloured",
			"grey"
		],
		"icon": "./../textures/icons/GreyStoneBricks.png",
		"maxStackSize": 200,
		"onPlaceAudio": "stonePlace",
		"onRemoveAudio": "stoneDelete",
		"sideall": "stonebricksgeneric",
		"color": "#404040",
		"destructionTime" : 350
	},
	"NACH0.Types.LightBlueStoneBricks": {
		"categories": [
			"decorative",
			"bricks",
			"stone",
			"coloured",
			"blue",
			"lightblue"
		],
		"icon": "./../textures/icons/LightBlueStoneBricks.png",
		"maxStackSize": 200,
		"onPlaceAudio": "stonePlace",
		"onRemoveAudio": "stoneDelete",
		"sideall": "stonebricksgeneric",
		"color": "#0094FF",
		"destructionTime" : 350
	},
	"NACH0.Types.LightGreyStoneBricks": {
		"categories": [
			"decorative",
			"bricks",
			"stone",
			"coloured",
			"grey",
			"lightgrey"
		],
		"icon": "./../textures/icons/LightGreyStoneBricks.png",
		"maxStackSize": 200,
		"onPlaceAudio": "stonePlace",
		"onRemoveAudio": "stoneDelete",
		"sideall": "stonebricksgeneric",
		"color": "#808080",
		"destructionTime" : 350
	},
	"NACH0.Types.LightPinkStoneBricks": {
		"categories": [
			"decorative",
			"bricks",
			"stone",
			"coloured",
			"pink",
			"lightpink"
		],
		"icon": "./../textures/icons/LightPinkStoneBricks.png",
		"maxStackSize": 200,
		"onPlaceAudio": "stonePlace",
		"onRemoveAudio": "stoneDelete",
		"sideall": "stonebricksgeneric",
		"color": "#f99eb4",
		"destructionTime" : 350
	},
	"NACH0.Types.MagentaStoneBricks": {
		"categories": [
			"decorative",
			"bricks",
			"stone",
			"coloured",
			"magenta"
		],
		"icon": "./../textures/icons/MagentaStoneBricks.png",
		"maxStackSize": 200,
		"onPlaceAudio": "stonePlace",
		"onRemoveAudio": "stoneDelete",
		"sideall": "stonebricksgeneric",
		"color": "#FF006E",
		"destructionTime" : 350
	},
	"NACH0.Types.OrangeStoneBricks": {
		"categories": [
			"decorative",
			"bricks",
			"stone",
			"coloured",
			"orange"
		],
		"icon": "./../textures/icons/OrangeStoneBricks.png",
		"maxStackSize": 200,
		"onPlaceAudio": "stonePlace",
		"onRemoveAudio": "stoneDelete",
		"sideall": "stonebricksgeneric",
		"color": "#FF6A00",
		"destructionTime" : 350
	},
	"NACH0.Types.PinkStoneBricks": {
		"categories": [
			"decorative",
			"bricks",
			"stone",
			"coloured",
			"pink"
		],
		"icon": "./../textures/icons/PinkStoneBricks.png",
		"maxStackSize": 200,
		"onPlaceAudio": "stonePlace",
		"onRemoveAudio": "stoneDelete",
		"sideall": "stonebricksgeneric",
		"color": "#FF00DC",
		"destructionTime" : 350
	},
	"NACH0.Types.PurpleStoneBricks": {
		"categories": [
			"decorative",
			"bricks",
			"stone",
			"coloured",
			"purple"
		],
		"icon": "./../textures/icons/PurpleStoneBricks.png",
		"maxStackSize": 200,
		"onPlaceAudio": "stonePlace",
		"onRemoveAudio": "stoneDelete",
		"sideall": "stonebricksgeneric",
		"color": "#4800FF",
		"destructionTime" : 350
	},
	"NACH0.Types.RedStoneBricks": {
		"categories": [
			"decorative",
			"bricks",
			"stone",
			"coloured",
			"red"
		],
		"icon": "./../textures/icons/RedStoneBricks.png",
		"maxStackSize": 200,
		"onPlaceAudio": "stonePlace",
		"onRemoveAudio": "stoneDelete",
		"sideall": "stonebricksgeneric",
		"color": "#FF0000",
		"destructionTime" : 350
	},
	"NACH0.Types.YellowStoneBricks": {
		"categories": [
			"decorative",
			"bricks",
			"stone",
			"coloured",
			"yellow"
		],
		"icon": "./../textures/icons/YellowStoneBricks.png",
		"maxStackSize": 200,
		"onPlaceAudio": "stonePlace",
		"onRemoveAudio": "stoneDelete",
		"sideall": "stonebricksgeneric",
		"color": "#FFD800",
		"destructionTime" : 350
	},
	"NACH0.Types.LightBrownStoneBricks": {
		"categories": [
			"decorative",
			"bricks",
			"stone",
			"coloured",
			"brown",
			"lightbrown"
		],
		"icon": "./../textures/icons/LightBrownStoneBricks.png",
		"maxStackSize": 200,
		"onPlaceAudio": "stonePlace",
		"onRemoveAudio": "stoneDelete",
		"sideall": "stonebricksgeneric",
		"color": "#807767",
		"destructionTime" : 350
	},
	"NACH0.Types.DarkRedStoneBricks": {
		"categories": [
			"decorative",
			"bricks",
			"stone",
			"coloured",
			"red",
			"darkred"
		],
		"icon": "./../textures/icons/DarkRedStoneBricks.png",
		"maxStackSize": 200,
		"onPlaceAudio": "stonePlace",
		"onRemoveAudio": "stoneDelete",
		"sideall": "stonebricksgeneric",
		"color": "#761f1f",
		"destructionTime" : 350
	}
}