{
	"NACH0.Types.AquaBlock": {
		"categories": [
			"decorative",
			"block",
			"coloured",
			"aqua"
		],
		"icon": "./../textures/icons/AquaBlock.png",
		"maxStackSize": 200,
		"onPlaceAudio": "woodPlace",
		"onRemoveAudio": "woodDeleteLight",
		"sideall": "neutral",
		"color": "#00FFFF",
		"destructionTime" : 350
	},
	"NACH0.Types.BlackBlock": {
		"categories": [
			"decorative",
			"block",
			"coloured",
			"black"
		],
		"icon": "./../textures/icons/BlackBlock.png",
		"maxStackSize": 200,
		"onPlaceAudio": "woodPlace",
		"onRemoveAudio": "woodDeleteLight",
		"sideall": "neutral",
		"color": "(0, 0, 0)",
		"destructionTime" : 350
	},
	"NACH0.Types.BlueBlock": {
		"categories": [
			"decorative",
			"block",
			"coloured",
			"blue"
		],
		"icon": "./../textures/icons/BlueBlock.png",
		"maxStackSize": 200,
		"onPlaceAudio": "woodPlace",
		"onRemoveAudio": "woodDeleteLight",
		"sideall": "neutral",
		"color": "#0026FF",
		"destructionTime" : 350
	},
	"NACH0.Types.BrownBlock": {
		"categories": [
			"decorative",
			"block",
			"coloured",
			"brown"
		],
		"icon": "./../textures/icons/BrownBlock.png",
		"maxStackSize": 200,
		"onPlaceAudio": "woodPlace",
		"onRemoveAudio": "woodDeleteLight",
		"sideall": "neutral",
		"color": "#782300",
		"destructionTime" : 350
	},
	"NACH0.Types.DarkBlueBlock": {
		"categories": [
			"decorative",
			"block",
			"coloured",
			"blue",
			"darkblue"
		],
		"icon": "./../textures/icons/DarkBlueBlock.png",
		"maxStackSize": 200,
		"onPlaceAudio": "woodPlace",
		"onRemoveAudio": "woodDeleteLight",
		"sideall": "neutral",
		"color": "#2b344f",
		"destructionTime" : 350
	},
	"NACH0.Types.DarkGreenBlock": {
		"categories": [
			"decorative",
			"block",
			"coloured",
			"green",
			"darkgreen"
		],
		"icon": "./../textures/icons/DarkGreenBlock.png",
		"maxStackSize": 200,
		"onPlaceAudio": "woodPlace",
		"onRemoveAudio": "woodDeleteLight",
		"sideall": "neutral",
		"color": "#007F0E",
		"destructionTime" : 350
	},
	"NACH0.Types.GoldBlock": {
		"categories": [
			"decorative",
			"block",
			"coloured",
			"gold"
		],
		"icon": "./../textures/icons/GoldBlock.png",
		"maxStackSize": 200,
		"onPlaceAudio": "woodPlace",
		"onRemoveAudio": "woodDeleteLight",
		"sideall": "neutral",
		"color": "#8d5f38",
		"destructionTime" : 350
	},
	"NACH0.Types.GreenBlock": {
		"categories": [
			"decorative",
			"block",
			"coloured",
			"green"
		],
		"icon": "./../textures/icons/GreenBlock.png",
		"maxStackSize": 200,
		"onPlaceAudio": "woodPlace",
		"onRemoveAudio": "woodDeleteLight",
		"sideall": "neutral",
		"color": "#4CFF00",
		"destructionTime" : 350
	},
	"NACH0.Types.GreyBlock": {
		"categories": [
			"decorative",
			"block",
			"coloured",
			"grey"
		],
		"icon": "./../textures/icons/GreyBlock.png",
		"maxStackSize": 200,
		"onPlaceAudio": "woodPlace",
		"onRemoveAudio": "woodDeleteLight",
		"sideall": "neutral",
		"color": "#404040",
		"destructionTime" : 350
	},
	"NACH0.Types.LightBlueBlock": {
		"categories": [
			"decorative",
			"block",
			"coloured",
			"blue",
			"lightblue"
		],
		"icon": "./../textures/icons/LightBlueBlock.png",
		"maxStackSize": 200,
		"onPlaceAudio": "woodPlace",
		"onRemoveAudio": "woodDeleteLight",
		"sideall": "neutral",
		"color": "#0094FF",
		"destructionTime" : 350
	},
	"NACH0.Types.LightGreyBlock": {
		"categories": [
			"decorative",
			"block",
			"coloured",
			"grey",
			"lightgrey"
		],
		"icon": "./../textures/icons/LightGreyBlock.png",
		"maxStackSize": 200,
		"onPlaceAudio": "woodPlace",
		"onRemoveAudio": "woodDeleteLight",
		"sideall": "neutral",
		"color": "#808080",
		"destructionTime" : 350
	},
	"NACH0.Types.LightPinkBlock": {
		"categories": [
			"decorative",
			"block",
			"coloured",
			"pink",
			"lightpink"
		],
		"icon": "./../textures/icons/LightPinkBlock.png",
		"maxStackSize": 200,
		"onPlaceAudio": "woodPlace",
		"onRemoveAudio": "woodDeleteLight",
		"sideall": "neutral",
		"color": "#f99eb4",
		"destructionTime" : 350
	},
	"NACH0.Types.MagentaBlock": {
		"categories": [
			"decorative",
			"block",
			"coloured",
			"magenta"
		],
		"icon": "./../textures/icons/MagentaBlock.png",
		"maxStackSize": 200,
		"onPlaceAudio": "woodPlace",
		"onRemoveAudio": "woodDeleteLight",
		"sideall": "neutral",
		"color": "#FF006E",
		"destructionTime" : 350
	},
	"NACH0.Types.OrangeBlock": {
		"categories": [
			"decorative",
			"block",
			"coloured",
			"orange"
		],
		"icon": "./../textures/icons/OrangeBlock.png",
		"maxStackSize": 200,
		"onPlaceAudio": "woodPlace",
		"onRemoveAudio": "woodDeleteLight",
		"sideall": "neutral",
		"color": "#FF6A00",
		"destructionTime" : 350
	},
	"NACH0.Types.PinkBlock": {
		"categories": [
			"decorative",
			"block",
			"coloured",
			"pink"
		],
		"icon": "./../textures/icons/PinkBlock.png",
		"maxStackSize": 200,
		"onPlaceAudio": "woodPlace",
		"onRemoveAudio": "woodDeleteLight",
		"sideall": "neutral",
		"color": "#FF00DC",
		"destructionTime" : 350
	},
	"NACH0.Types.PurpleBlock": {
		"categories": [
			"decorative",
			"block",
			"coloured",
			"purple"
		],
		"icon": "./../textures/icons/PurpleBlock.png",
		"maxStackSize": 200,
		"onPlaceAudio": "woodPlace",
		"onRemoveAudio": "woodDeleteLight",
		"sideall": "neutral",
		"color": "#4800FF",
		"destructionTime" : 350
	},
	"NACH0.Types.RedBlock": {
		"categories": [
			"decorative",
			"block",
			"coloured",
			"red"
		],
		"icon": "./../textures/icons/RedBlock.png",
		"maxStackSize": 200,
		"onPlaceAudio": "woodPlace",
		"onRemoveAudio": "woodDeleteLight",
		"sideall": "neutral",
		"color": "#FF0000",
		"destructionTime" : 350
	},
	"NACH0.Types.WhiteBlock": {
		"categories": [
			"decorative",
			"block",
			"coloured",
			"white"
		],
		"icon": "./../textures/icons/WhiteBlock.png",
		"maxStackSize": 200,
		"onPlaceAudio": "woodPlace",
		"onRemoveAudio": "woodDeleteLight",
		"sideall": "neutral",
		"color": "#FFFFFF",
		"destructionTime" : 350
	},
	"NACH0.Types.YellowBlock": {
		"categories": [
			"decorative",
			"block",
			"coloured",
			"yellow"
		],
		"icon": "./../textures/icons/YellowBlock.png",
		"maxStackSize": 200,
		"onPlaceAudio": "woodPlace",
		"onRemoveAudio": "woodDeleteLight",
		"sideall": "neutral",
		"color": "#FFD800",
		"destructionTime" : 350
	},
	"NACH0.Types.LightBrownBlock": {
		"categories": [
			"decorative",
			"block",
			"coloured",
			"brown",
			"lightbrown"
		],
		"icon": "./../textures/icons/LightBrownBlock.png",
		"maxStackSize": 200,
		"onPlaceAudio": "woodPlace",
		"onRemoveAudio": "woodDeleteLight",
		"sideall": "neutral",
		"color": "#807767",
		"destructionTime" : 350
	},
	"NACH0.Types.DarkRedBlock": {
		"categories": [
			"decorative",
			"block",
			"coloured",
			"red",
			"darkred"
		],
		"icon": "./../textures/icons/DarkRedBlock.png",
		"maxStackSize": 200,
		"onPlaceAudio": "woodPlace",
		"onRemoveAudio": "woodDeleteLight",
		"sideall": "neutral",
		"color": "#761f1f",
		"destructionTime" : 350
	}
}