{
	"NACH0.Types.AquaWool": {
		"categories": [
			"decorative",
			"wool",
			"coloured",
			"aqua"
		],
		"icon": "./../textures/icons/AquaWool.png",
		"maxStackSize": 200,
		"onPlaceAudio": "dirtPlace",
		"onRemoveAudio": "dirtPlace",
		"sideall": "NACH0.Textures.WoolGeneric",
		"color": "#00FFFF",
		"destructionTime" : 350
	},
	"NACH0.Types.BlackWool": {
		"categories": [
			"decorative",
			"wool",
			"coloured",
			"black"
		],
		"icon": "./../textures/icons/BlackWool.png",
		"maxStackSize": 200,
		"onPlaceAudio": "dirtPlace",
		"onRemoveAudio": "dirtPlace",
		"sideall": "NACH0.Textures.WoolGeneric",
		"color": "(50, 50, 50)",
		"destructionTime" : 350
	},
	"NACH0.Types.BlueWool": {
		"categories": [
			"decorative",
			"wool",
			"coloured",
			"blue"
		],
		"icon": "./../textures/icons/BlueWool.png",
		"maxStackSize": 200,
		"onPlaceAudio": "dirtPlace",
		"onRemoveAudio": "dirtPlace",
		"sideall": "NACH0.Textures.WoolGeneric",
		"color": "#0026FF",
		"destructionTime" : 350
	},
	"NACH0.Types.BrownWool": {
		"categories": [
			"decorative",
			"wool",
			"coloured",
			"brown"
		],
		"icon": "./../textures/icons/BrownWool.png",
		"maxStackSize": 200,
		"onPlaceAudio": "dirtPlace",
		"onRemoveAudio": "dirtPlace",
		"sideall": "NACH0.Textures.WoolGeneric",
		"color": "#782300",
		"destructionTime" : 350
	},
	"NACH0.Types.DarkBlueWool": {
		"categories": [
			"decorative",
			"wool",
			"coloured",
			"blue",
			"darkblue"
		],
		"icon": "./../textures/icons/DarkBlueWool.png",
		"maxStackSize": 200,
		"onPlaceAudio": "dirtPlace",
		"onRemoveAudio": "dirtPlace",
		"sideall": "NACH0.Textures.WoolGeneric",
		"color": "#2b344f",
		"destructionTime" : 350
	},
	"NACH0.Types.DarkGreenWool": {
		"categories": [
			"decorative",
			"wool",
			"coloured",
			"green",
			"darkgreen"
		],
		"icon": "./../textures/icons/DarkGreenWool.png",
		"maxStackSize": 200,
		"onPlaceAudio": "dirtPlace",
		"onRemoveAudio": "dirtPlace",
		"sideall": "NACH0.Textures.WoolGeneric",
		"color": "#007F0E",
		"destructionTime" : 350
	},
	"NACH0.Types.GoldWool": {
		"categories": [
			"decorative",
			"wool",
			"coloured",
			"gold"
		],
		"icon": "./../textures/icons/GoldWool.png",
		"maxStackSize": 200,
		"onPlaceAudio": "dirtPlace",
		"onRemoveAudio": "dirtPlace",
		"sideall": "NACH0.Textures.WoolGeneric",
		"color": "#8d5f38",
		"destructionTime" : 350
	},
	"NACH0.Types.GreenWool": {
		"categories": [
			"decorative",
			"wool",
			"coloured",
			"green"
		],
		"icon": "./../textures/icons/GreenWool.png",
		"maxStackSize": 200,
		"onPlaceAudio": "dirtPlace",
		"onRemoveAudio": "dirtPlace",
		"sideall": "NACH0.Textures.WoolGeneric",
		"color": "#4CFF00",
		"destructionTime" : 350
	},
	"NACH0.Types.GreyWool": {
		"categories": [
			"decorative",
			"wool",
			"coloured",
			"grey"
		],
		"icon": "./../textures/icons/GreyWool.png",
		"maxStackSize": 200,
		"onPlaceAudio": "dirtPlace",
		"onRemoveAudio": "dirtPlace",
		"sideall": "NACH0.Textures.WoolGeneric",
		"color": "#404040",
		"destructionTime" : 350
	},
	"NACH0.Types.LightBlueWool": {
		"categories": [
			"decorative",
			"wool",
			"coloured",
			"blue",
			"lightblue"
		],
		"icon": "./../textures/icons/LightBlueWool.png",
		"maxStackSize": 200,
		"onPlaceAudio": "dirtPlace",
		"onRemoveAudio": "dirtPlace",
		"sideall": "NACH0.Textures.WoolGeneric",
		"color": "#0094FF",
		"destructionTime" : 350
	},
	"NACH0.Types.LightGreyWool": {
		"categories": [
			"decorative",
			"wool",
			"coloured",
			"grey",
			"lightgrey"
		],
		"icon": "./../textures/icons/LightGreyWool.png",
		"maxStackSize": 200,
		"onPlaceAudio": "dirtPlace",
		"onRemoveAudio": "dirtPlace",
		"sideall": "NACH0.Textures.WoolGeneric",
		"color": "#808080",
		"destructionTime" : 350
	},
	"NACH0.Types.LightPinkWool": {
		"categories": [
			"decorative",
			"wool",
			"coloured",
			"pink",
			"lightpink"
		],
		"icon": "./../textures/icons/LightPinkWool.png",
		"maxStackSize": 200,
		"onPlaceAudio": "dirtPlace",
		"onRemoveAudio": "dirtPlace",
		"sideall": "NACH0.Textures.WoolGeneric",
		"color": "#f99eb4",
		"destructionTime" : 350
	},
	"NACH0.Types.MagentaWool": {
		"categories": [
			"decorative",
			"wool",
			"coloured",
			"magenta"
		],
		"icon": "./../textures/icons/MagentaWool.png",
		"maxStackSize": 200,
		"onPlaceAudio": "dirtPlace",
		"onRemoveAudio": "dirtPlace",
		"sideall": "NACH0.Textures.WoolGeneric",
		"color": "#FF006E",
		"destructionTime" : 350
	},
	"NACH0.Types.OrangeWool": {
		"categories": [
			"decorative",
			"wool",
			"coloured",
			"orange"
		],
		"icon": "./../textures/icons/OrangeWool.png",
		"maxStackSize": 200,
		"onPlaceAudio": "dirtPlace",
		"onRemoveAudio": "dirtPlace",
		"sideall": "NACH0.Textures.WoolGeneric",
		"color": "#FF6A00",
		"destructionTime" : 350
	},
	"NACH0.Types.PinkWool": {
		"categories": [
			"decorative",
			"wool",
			"coloured",
			"pink"
		],
		"icon": "./../textures/icons/PinkWool.png",
		"maxStackSize": 200,
		"onPlaceAudio": "dirtPlace",
		"onRemoveAudio": "dirtPlace",
		"sideall": "NACH0.Textures.WoolGeneric",
		"color": "#FF00DC",
		"destructionTime" : 350
	},
	"NACH0.Types.PurpleWool": {
		"categories": [
			"decorative",
			"wool",
			"coloured",
			"purple"
		],
		"icon": "./../textures/icons/PurpleWool.png",
		"maxStackSize": 200,
		"onPlaceAudio": "dirtPlace",
		"onRemoveAudio": "dirtPlace",
		"sideall": "NACH0.Textures.WoolGeneric",
		"color": "#4800FF",
		"destructionTime" : 350
	},
	"NACH0.Types.RedWool": {
		"categories": [
			"decorative",
			"wool",
			"coloured",
			"red"
		],
		"icon": "./../textures/icons/RedWool.png",
		"maxStackSize": 200,
		"onPlaceAudio": "dirtPlace",
		"onRemoveAudio": "dirtPlace",
		"sideall": "NACH0.Textures.WoolGeneric",
		"color": "#FF0000",
		"destructionTime" : 350
	},
	"NACH0.Types.Wool": {
		"categories": [
			"decorative",
			"wool",
			"coloured",
			"white"
		],
		"icon": "./../textures/icons/Wool.png",
		"maxStackSize": 200,
		"onPlaceAudio": "dirtPlace",
		"onRemoveAudio": "dirtPlace",
		"sideall": "NACH0.Textures.WoolGeneric",
		"color": "#FFFFFF",
		"destructionTime" : 350
	},
	"NACH0.Types.YellowWool": {
		"categories": [
			"decorative",
			"wool",
			"coloured",
			"yellow"
		],
		"icon": "./../textures/icons/YellowWool.png",
		"maxStackSize": 200,
		"onPlaceAudio": "dirtPlace",
		"onRemoveAudio": "dirtPlace",
		"sideall": "NACH0.Textures.WoolGeneric",
		"color": "#FFD800",
		"destructionTime" : 350
	},
	"NACH0.Types.LightBrownWool": {
		"categories": [
			"decorative",
			"wool",
			"coloured",
			"brown",
			"lightbrown"
		],
		"icon": "./../textures/icons/LightBrownWool.png",
		"maxStackSize": 200,
		"onPlaceAudio": "dirtPlace",
		"onRemoveAudio": "dirtPlace",
		"sideall": "NACH0.Textures.WoolGeneric",
		"color": "#807767",
		"destructionTime" : 350
	},
	"NACH0.Types.DarkRedWool": {
		"categories": [
			"decorative",
			"wool",
			"coloured",
			"red",
			"darkred"
		],
		"icon": "./../textures/icons/DarkRedWool.png",
		"maxStackSize": 200,
		"onPlaceAudio": "dirtPlace",
		"onRemoveAudio": "dirtPlace",
		"sideall": "NACH0.Textures.WoolGeneric",
		"color": "#761f1f",
		"destructionTime" : 350
	}
}