{
	"NACH0.Types.UnknownSubstance.1": {
		"categories": [
			"ingredient",
			"unknown",
			"NACH0"
		],
		"icon": "./../../textures/icons/UnknownSubstancePurple.png",
		"isPlaceable": false
	},
	"NACH0.Types.UnknownSubstance.2": {
		"categories": [
			"ingredient",
			"unknown",
			"NACH0"
		],
		"icon": "./../../textures/icons/UnknownSubstanceOrange.png",
		"isPlaceable": false
	},
	"NACH0.Types.UnknownSubstance.3": {
		"categories": [
			"ingredient",
			"unknown",
			"NACH0"
		],
		"icon": "./../../textures/icons/UnknownSubstanceRed.png",
		"isPlaceable": false
	},
	"NACH0.Types.UnknownSubstance.4": {
		"categories": [
			"ingredient",
			"unknown",
			"NACH0"
		],
		"icon": "./../../textures/icons/UnknownSubstanceGreen.png",
		"isPlaceable": false
	},
	"NACH0.Types.UnknownSubstance.5": {
		"categories": [
			"ingredient",
			"unknown",
			"NACH0"
		],
		"icon": "./../../textures/icons/UnknownSubstanceGold.png",
		"isPlaceable": false
	},
	"NACH0.Types.UnknownSubstance.6": {
		"categories": [
			"ingredient",
			"unknown",
			"NACH0"
		],
		"icon": "./../../textures/icons/UnknownSubstanceYellow.png",
		"isPlaceable": false
	}
}