[
	{
		"typeName": "NACH0.Types.IronAnvil",
		"baseType": {
			"categories": ["job"],
			"icon": "./../textures/icons/IronAnvil.png",
			"mesh": "./../../../../../meshes/bronzeanvil.ply",
			"customData": {
				"colors": [
					"#361B05->#808080",
					"#3E2208->#808080",
					"#44270C->#808080",
					"#532E15->#808080",
					"#734F1F->#808080",
					"#4A2413->#808080",
					"#3B1F07->#808080",
					"#45270C->#808080",
					"#45270C->#808080"
				]
			},
			"needsBase": true,
			"onPlaceAudio": "stonePlace",
			"onRemoveAudio": "stoneDelete",
			"sideall": "neutral"
		},
		"generateType": "rotateBlock"
	},
	{
		"typeName": "NACH0.Types.SteelAnvil",
		"baseType": {
			"categories": ["job"],
			"icon": "./../textures/icons/SteelAnvil.png",
			"mesh": "./../../../../../meshes/bronzeanvil.ply",
			"customData": {
				"colors": [
					"#361B05->#808080"
				]
			},
			"needsBase": true,
			"onPlaceAudio": "stonePlace",
			"onRemoveAudio": "stoneDelete",
			"sideall": "neutral"
		},
		"generateType": "rotateBlock"
	}
]