[
	{
		"typeName": "NACH0.Types.Slingshot.Guard.Day",
		"baseType": {
			"categories": [
				"job",
				"guard",
				"day"
			],
			"mesh": "./../../../../../meshes/outlinedblock.ply",
			"customData": {
				"colors": [
					"#FFFFFF->#474747"
				]
			},
			"needsBase": true,
			"isSolid": false,
			"onPlaceAudio": "woodPlace",
			"onRemoveAudio": "woodDeleteLight",
			"colliders": {
				"boxes": [{
					"max": [0.5, -0.4, 0.5],
					"min": [-0.5, -0.5, -0.5]
				}],
				"collidePlayer": false
			},
			"maxStackSize": 1000,
			"onRemove" : [
			]
		},
		"generateType": "rotateBlock"
	},
	{
		"typeName": "NACH0.Types.Ballista.Guard.Day",
		"baseType": {
			"categories": [
				"job",
				"guard",
				"day"
			],
			"mesh": "./../../../../../meshes/outlinedblock.ply",
			"customData": {
				"colors": [
					"#FFFFFF->#474747"
				]
			},
			"needsBase": true,
			"isSolid": false,
			"onPlaceAudio": "woodPlace",
			"onRemoveAudio": "woodDeleteLight",
			"colliders": {
				"boxes": [{
					"max": [0.5, -0.4, 0.5],
					"min": [-0.5, -0.5, -0.5]
				}],
				"collidePlayer": false
			},
			"maxStackSize": 1000,
			"onRemove" : [
			]
		},
		"generateType": "rotateBlock"
	},
	{
		"typeName": "NACH0.Types.CompoundBow.Guard.Day",
		"baseType": {
			"categories": [
				"job",
				"guard",
				"day"
			],
			"mesh": "./../../../../../meshes/outlinedblock.ply",
			"customData": {
				"colors": [
					"#FFFFFF->#474747"
				]
			},
			"needsBase": true,
			"isSolid": false,
			"onPlaceAudio": "woodPlace",
			"onRemoveAudio": "woodDeleteLight",
			"colliders": {
				"boxes": [{
					"max": [0.5, -0.4, 0.5],
					"min": [-0.5, -0.5, -0.5]
				}],
				"collidePlayer": false
			},
			"maxStackSize": 1000,
			"onRemove" : [
			]
		},
		"generateType": "rotateBlock"
	},
	{
		"typeName": "NACH0.Types.Sniper.Guard.Day",
		"baseType": {
			"categories": [
				"job",
				"guard",
				"day"
			],
			"mesh": "./../../../../../meshes/outlinedblock.ply",
			"customData": {
				"colors": [
					"#FFFFFF->#474747"
				]
			},
			"needsBase": true,
			"isSolid": false,
			"onPlaceAudio": "woodPlace",
			"onRemoveAudio": "woodDeleteLight",
			"colliders": {
				"boxes": [{
					"max": [0.5, -0.4, 0.5],
					"min": [-0.5, -0.5, -0.5]
				}],
				"collidePlayer": false
			},
			"maxStackSize": 1000,
			"onRemove" : [
			]
		},
		"generateType": "rotateBlock"
	},
	{
		"typeName": "NACH0.Types.Sword.Guard.Day",
		"baseType": {
			"categories": [
				"job",
				"guard",
				"day"
			],
			"mesh": "./../../../../../meshes/outlinedblock.ply",
			"customData": {
				"colors": [
					"#FFFFFF->#474747"
				]
			},
			"needsBase": true,
			"isSolid": false,
			"onPlaceAudio": "woodPlace",
			"onRemoveAudio": "woodDeleteLight",
			"colliders": {
				"boxes": [{
					"max": [0.5, -0.4, 0.5],
					"min": [-0.5, -0.5, -0.5]
				}],
				"collidePlayer": false
			},
			"maxStackSize": 1000,
			"onRemove" : [
			]
		},
		"generateType": "rotateBlock"
	}
]