[
	{
		"defaultLimit": 3,
		"defaultPriority": 100,
		"name": "NACH0.IronAnvilWorker.CompoundBow",
		"requires": [{
				"amount": 2,
				"type": "ironingot"
			},
			{
				"type": "bowstring"
			}
		],
		"results": [{
			"type": "NACH0.Types.CompoundBow"
		}]
	},
	{
		"defaultLimit": 15,
		"defaultPriority": 100,
		"name": "NACH0.IronAnvilWorker.IronArmour",
		"requires": [{
				"amount": 7,
				"type": "ironingot"
			},
			{
				"type": "undershirt"
			}
		],
		"results": [{
			"type": "NACH0.Types.IronArmour"
		}]
	}
]