[
	{
		"defaultLimit" : 0,
		"defaultPriority" : -100,
		"name" : "NACH0.Alchemist.goldore.dirt",
		"requires" : [
			{
				"type":"goldore",
				"amount": 10
			}
		],
		"results" : [
			{
				"type":"dirt",
				"amount": 50
			}
		]
	},
	{
		"defaultLimit" : 0,
		"defaultPriority" : -100,
		"name" : "NACH0.Alchemist.copper.stoneblock",
		"requires" : [
			{
				"type":"copper",
				"amount": 10
			}
		],
		"results" : [
			{
				"type":"stoneblock",
				"amount": 35
			}
		]
	},
	{
		"defaultLimit" : 0,
		"defaultPriority" : -100,
		"name" : "NACH0.Alchemist.copper.ironore",
		"requires" : [
			{
				"type":"copper",
				"amount": 10
			}
		],
		"results" : [
			{
				"type":"ironore",
				"amount": 10
			}
		]
	},
	{
		"defaultLimit" : 0,
		"defaultPriority" : -100,
		"name" : "NACH0.Alchemist.stoneblock.sand",
		"requires" : [
			{
				"type":"stoneblock",
				"amount": 35
			}
		],
		"results" : [
			{
				"type":"sand",
				"amount": 35
			}
		]
	},
	{
		"defaultLimit" : 0,
		"defaultPriority" : -100,
		"name" : "NACH0.Alchemist.lead.logtaiga",
		"requires" : [
			{
				"type":"lead",
				"amount": 15
			}
		],
		"results" : [
			{
				"type":"logtaiga",
				"amount": 20
			}
		]
	},
	{
		"defaultLimit" : 0,
		"defaultPriority" : -100,
		"name" : "NACH0.Alchemist.galenalead.galenasilver",
		"requires" : [
			{
				"type":"galenalead",
				"amount": 50
			}
		],
		"results" : [
			{
				"type":"galenasilver",
				"amount": 50
			}
		]
	},
	{
		"defaultLimit" : 0,
		"defaultPriority" : -100,
		"name" : "NACH0.Alchemist.charcoal.coalore",
		"requires" : [
			{
				"type":"charcoal",
				"amount": 20
			}
		],
		"results" : [
			{
				"type":"coalore",
				"amount": 20
			}
		]
	},
	{
		"defaultLimit" : 0,
		"defaultPriority" : -100,
		"name" : "NACH0.Alchemist.charcoal.planks",
		"requires" : [
			{
				"type":"charcoal",
				"amount": 20
			}
		],
		"results" : [
			{
				"type":"planks",
				"amount": 20
			}
		]
	},
	{
		"defaultLimit" : 0,
		"defaultPriority" : -100,
		"name" : "NACH0.Alchemist.flour.gunpowder",
		"requires" : [
			{
				"type":"flour",
				"amount": 50
			}
		],
		"results" : [
			{
				"type":"gunpowder",
				"amount": 20
			}
		]
	},
	{
		"defaultLimit" : 0,
		"defaultPriority" : -100,
		"name" : "NACH0.Alchemist.flour.gypsum",
		"requires" : [
			{
				"type":"flour",
				"amount": 10
			}
		],
		"results" : [
			{
				"type":"gypsum",
				"amount": 15
			}
		]
	},
	{
		"defaultLimit" : 0,
		"defaultPriority" : -100,
		"name" : "NACH0.Alchemist.chickenmeat.LightBrownDye",
		"requires" : [
			{
				"type":"chickenmeat",
				"amount": 10
			}
		],
		"results" : [
			{
				"type":"NACH0.Types.LightBrownDye",
				"amount": 15
			}
		]
	},
	{
		"defaultLimit" : 0,
		"defaultPriority" : -100,
		"name" : "NACH0.Alchemist.Wool.wheat",
		"requires" : [
			{
				"type":"NACH0.Types.Wool",
				"amount": 10
			}
		],
		"results" : [
			{
				"type":"wheat",
				"amount": 15
			}
		]
	},
	{
		"defaultLimit" : 0,
		"defaultPriority" : -100,
		"name" : "NACH0.Alchemist.oliveoil.crystal",
		"requires" : [
			{
				"type":"oliveoil",
				"amount": 35
			}
		],
		"results" : [
			{
				"type":"crystal",
				"amount": 20
			}
		]
	},
	{
		"defaultLimit" : 0,
		"defaultPriority" : -100,
		"name" : "NACH0.Alchemist.hollyhock.UnknownSubstance1",
		"requires" : [
			{
				"type":"hollyhock",
				"amount": 65
			}
		],
		"results" : [
			{
				"type":"NACH0.Types.UnknownSubstance.1",
				"amount": 5
			}
		]
	},
	{
		"defaultLimit" : 0,
		"defaultPriority" : -100,
		"name" : "NACH0.Alchemist.rawfish.olive",
		"requires" : [
			{
				"type":"rawfish",
				"amount": 3
			}
		],
		"results" : [
			{
				"type":"olive",
				"amount": 10
			}
		]
	},
	{
		"defaultLimit" : 0,
		"defaultPriority" : -100,
		"name" : "NACH0.Alchemist.bronzeingot.UnknownSubstance2",
		"requires" : [
			{
				"type":"bronzeingot",
				"amount": 25
			}
		],
		"results" : [
			{
				"type":"NACH0.Types.UnknownSubstance.2",
				"amount": 5
			}
		]
	},
	{
		"defaultLimit" : 0,
		"defaultPriority" : -100,
		"name" : "NACH0.Alchemist.gypsum.copper",
		"requires" : [
			{
				"type":"gypsum",
				"amount": 25
			}
		],
		"results" : [
			{
				"type":"copper",
				"amount": 25
			}
		]
	}
]
