[
	{
		"defaultLimit" : 200,
		"defaultPriority" : -100,
		"name" : "NACH0.Fletcher.slingbullet",
		"requires" : [
			{"type":"stonebricks"}
		],
		"results" : [
			{"amount":10,"type":"slingbullet"}
		]
	},
	{
		"defaultLimit" : 500,
		"defaultPriority" : -100,
		"name" : "NACH0.Fletcher.bronzearrow",
		"requires" : [
			{"type":"bronzeingot"},
			{"type":"planks"},
			{"amount":5,"type":"feather"}
		],
		"results" : [
			{"amount":5,"type":"bronzearrow"}
		]
	},
	{
		"defaultLimit" : 500,
		"defaultPriority" : 0,
		"name" : "NACH0.Fletcher.crossbowbolt",
		"requires" : [
			{"type":"ironwrought"},
			{"amount":5,"type":"ironrivet"}
		],
		"results" : [
			{"amount":5,"type":"crossbowbolt"}
		]
	},
	{
		"defaultLimit" : 500,
		"defaultPriority" : 100,
		"name" : "NACH0.Fletcher.BallistaBolt",
		"requires" : [
			{
				"type":"crossbowbolt",
				"amount": 3
			},
			{
				"type":"steelingot",
				"amount": 5
			},
			{
				"amount":10,
				"type":"planks"
			}
		],
		"results" : [
			{
				"amount":1,
				"type":"NACH0.Types.BallistaBolt"
			}
		]
	}
]
