[
	{
		"dependencies" : [
			"NACH0.Research.AlchemistBench"
		],
		"icon" : "./textures/icons/AlchemyEx.png",
		"iterationCount" : 15,
		"iterationRequirements" : [
			{
				"type":"goldore",
				"amount": 10
			}
		],
		"key" : "NACH0.Research.AlchemyExperiment.1",
		"unlocksRecipes" : [
			"NACH0.Alchemist.goldore.dirt"
		]
	},
	{
		"dependencies" : [
			"NACH0.Research.AlchemistBench"
		],
		"icon" : "./textures/icons/AlchemyEx.png",
		"iterationCount" : 15,
		"iterationRequirements" : [
			{
				"type":"copper",
				"amount": 10
			}
		],
		"key" : "NACH0.Research.AlchemyExperiment.2",
		"unlocksRecipes" : [
			"NACH0.Alchemist.copper.stoneblock"
		]
	},
	{
		"dependencies" : [
			"NACH0.Research.AlchemistBench"
		],
		"icon" : "./textures/icons/AlchemyEx.png",
		"iterationCount" : 15,
		"iterationRequirements" : [
			{
				"type":"copper",
				"amount": 10
			}
		],
		"key" : "NACH0.Research.AlchemyExperiment.3",
		"unlocksRecipes" : [
			"NACH0.Alchemist.copper.ironore"
		]
	},
	{
		"dependencies" : [
			"NACH0.Research.AlchemistBench"
		],
		"icon" : "./textures/icons/AlchemyEx.png",
		"iterationCount" : 15,
		"iterationRequirements" : [
			{
				"type":"stoneblock",
				"amount": 35
			}
		],
		"key" : "NACH0.Research.AlchemyExperiment.4",
		"unlocksRecipes" : [
			"NACH0.Alchemist.stoneblock.sand"
		]
	},
	{
		"dependencies" : [
			"NACH0.Research.AlchemistBench"
		],
		"icon" : "./textures/icons/AlchemyEx.png",
		"iterationCount" : 15,
		"iterationRequirements" : [
			{
				"type":"lead",
				"amount": 15
			}
		],
		"key" : "NACH0.Research.AlchemyExperiment.5",
		"unlocksRecipes" : [
			"NACH0.Alchemist.lead.logtaiga"
		]
	},
	{
		"dependencies" : [
			"NACH0.Research.AlchemistBench"
		],
		"icon" : "./textures/icons/AlchemyEx.png",
		"iterationCount" : 15,
		"iterationRequirements" : [
			{
				"type":"galenalead",
				"amount": 50
			}
		],
		"key" : "NACH0.Research.AlchemyExperiment.6",
		"unlocksRecipes" : [
			"NACH0.Alchemist.galenalead.galenasilver"
		]
	},
	{
		"dependencies" : [
			"NACH0.Research.AlchemistBench"
		],
		"icon" : "./textures/icons/AlchemyEx.png",
		"iterationCount" : 15,
		"iterationRequirements" : [
			{
				"type":"charcoal",
				"amount": 20
			}
		],
		"key" : "NACH0.Research.AlchemyExperiment.7",
		"unlocksRecipes" : [
			"NACH0.Alchemist.charcoal.coalore"
		]
	},
	{
		"dependencies" : [
			"NACH0.Research.AlchemistBench"
		],
		"icon" : "./textures/icons/AlchemyEx.png",
		"iterationCount" : 15,
		"iterationRequirements" : [
			{
				"type":"charcoal",
				"amount": 20
			}
		],
		"key" : "NACH0.Research.AlchemyExperiment.8",
		"unlocksRecipes" : [
			"NACH0.Alchemist.charcoal.planks"
		]
	},
	{
		"dependencies" : [
			"NACH0.Research.AlchemistBench"
		],
		"icon" : "./textures/icons/AlchemyEx.png",
		"iterationCount" : 15,
		"iterationRequirements" : [
			{
				"type":"flour",
				"amount": 50
			}
		],
		"key" : "NACH0.Research.AlchemyExperiment.9",
		"unlocksRecipes" : [
			"NACH0.Alchemist.flour.gunpowder"
		]
	},
	{
		"dependencies" : [
			"NACH0.Research.AlchemistBench"
		],
		"icon" : "./textures/icons/AlchemyEx.png",
		"iterationCount" : 15,
		"iterationRequirements" : [
			{
				"type":"flour",
				"amount": 10
			}
		],
		"key" : "NACH0.Research.AlchemyExperiment.10",
		"unlocksRecipes" : [
			"NACH0.Alchemist.flour.gypsum"
		]
	},
	{
		"dependencies" : [
			"NACH0.Research.AlchemistBench"
		],
		"icon" : "./textures/icons/AlchemyEx.png",
		"iterationCount" : 15,
		"iterationRequirements" : [
			{
				"type":"chickenmeat",
				"amount": 10
			}
		],
		"key" : "NACH0.Research.AlchemyExperiment.11",
		"unlocksRecipes" : [
			"NACH0.Alchemist.chickenmeat.LightBrownDye"
		]
	},
	{
		"dependencies" : [
			"NACH0.Research.AlchemistBench"
		],
		"icon" : "./textures/icons/AlchemyEx.png",
		"iterationCount" : 15,
		"iterationRequirements" : [
			{
				"type":"NACH0.Types.Wool",
				"amount": 10
			}
		],
		"key" : "NACH0.Research.AlchemyExperiment.12",
		"unlocksRecipes" : [
			"NACH0.Alchemist.Wool.wheat"
		]
	},
	{
		"dependencies" : [
			"NACH0.Research.AlchemistBench"
		],
		"icon" : "./textures/icons/AlchemyEx.png",
		"iterationCount" : 15,
		"iterationRequirements" : [
			{
				"type":"oliveoil",
				"amount": 35
			}
		],
		"key" : "NACH0.Research.AlchemyExperiment.13",
		"unlocksRecipes" : [
			"NACH0.Alchemist.oliveoil.crystal"
		]
	},
	{
		"dependencies" : [
			"NACH0.Research.AlchemistBench"
		],
		"icon" : "./textures/icons/AlchemyEx.png",
		"iterationCount" : 15,
		"iterationRequirements" : [
			{
				"type":"hollyhock",
				"amount": 65
			}
		],
		"key" : "NACH0.Research.AlchemyExperiment.14",
		"unlocksRecipes" : [
			"NACH0.Alchemist.hollyhock.UnknownSubstance1"
		]
	},
	{
		"dependencies" : [
			"NACH0.Research.AlchemistBench"
		],
		"icon" : "./textures/icons/AlchemyEx.png",
		"iterationCount" : 15,
		"iterationRequirements" : [
			{
				"type":"rawfish",
				"amount": 3
			}
		],
		"key" : "NACH0.Research.AlchemyExperiment.15",
		"unlocksRecipes" : [
			"NACH0.Alchemist.rawfish.olive"
		]
	},
	{
		"dependencies" : [
			"NACH0.Research.AlchemistBench"
		],
		"icon" : "./textures/icons/AlchemyEx.png",
		"iterationCount" : 15,
		"iterationRequirements" : [
			{
				"type":"bronzeingot",
				"amount": 25
			}
		],
		"key" : "NACH0.Research.AlchemyExperiment.16",
		"unlocksRecipes" : [
			"NACH0.Alchemist.bronzeingot.UnknownSubstance2"
		]
	},
	{
		"dependencies" : [
			"NACH0.Research.AlchemistBench"
		],
		"icon" : "./textures/icons/AlchemyEx.png",
		"iterationCount" : 15,
		"iterationRequirements" : [
			{
				"type":"gypsum",
				"amount": 25
			}
		],
		"key" : "NACH0.Research.AlchemyExperiment.17",
		"unlocksRecipes" : [
			"NACH0.Alchemist.gypsum.copper"
		]
	}
]